{"schemaVersion":1,"model":"similarity","referencePoints":[{"id":"New_SmallIsland05","label":"Ilha Solitária da Ruína Gelada","game":{"x":-1658,"y":-968},"image":{"pixelX":686.313,"pixelY":5188.504,"u":0.0837784423828125,"v":0.6333623046875},"use":"fit","native":{"x":-568698.6,"y":-603451.94,"z":-2010.9452}},{"id":"New_SmallIsland02","label":"Ilha Solitária do Veio de Fogo","game":{"x":761,"y":408},"image":{"pixelX":6964.409,"pixelY":1617.012,"u":0.8501475830078125,"v":0.19738916015625},"use":"fit","native":{"x":63442.54,"y":507395.38,"z":-1871.3588}},{"id":"FTPoint114","label":"Encosta da Montanha Sagrada","game":{"x":-406,"y":507},"image":{"pixelX":3934.343,"pixelY":1366.256,"u":0.4802664794921875,"v":0.166779296875},"use":"validation","native":{"x":107940.74,"y":-28036.3,"z":24447.9}}],"validation":{"maxErrorPixels":5}}
