{"schemaVersion":1,"model":"affine","referencePoints":[{"id":"WorldTree_MiddleBoss_3","label":"Superior esquerda","game":{"x":-1995,"y":1624},"image":{"pixelX":338.329,"pixelY":81.386,"u":0.2528617339312407,"v":0.103941251596424},"use":"fit","native":{"x":621794.3,"y":-757914.56,"z":21127.602}},{"id":"WorldTree_MiddleBoss_1","label":"Topo vermelho","game":{"x":-1673,"y":1638},"image":{"pixelX":792.607,"pixelY":59.987,"u":0.5923819133034379,"v":0.0766117496807152},"use":"fit","native":{"x":628791.56,"y":-610720.44,"z":28290.314}},{"id":"WorldTree_MiddleBoss_2","label":"Ponta sul","game":{"x":-1934,"y":1156},"image":{"pixelX":425.142,"pixelY":745.916,"u":0.3177443946188341,"v":0.9526385696040869},"use":"fit","native":{"x":405904.9,"y":-729214.1,"z":22741.145}},{"id":"WorldTree_A","label":"Extremo direito","game":{"x":-1457,"y":1385},"image":{"pixelX":1099.422,"pixelY":414.245,"u":0.8216905829596413,"v":0.5290485312899106},"use":"validation","native":{"x":512111.75,"y":-510662.66,"z":43480.0}}],"validation":{"maxErrorPixels":6}}
